{"name":"fae5ac75-ef3c-4be8-a3c8-21a45e1c3594","id":"/providers/Microsoft.Flow/flows/fae5ac75-ef3c-4be8-a3c8-21a45e1c3594","type":"Microsoft.Flow/flows","properties":{"apiId":"/providers/Microsoft.PowerApps/apis/shared_logicflows","displayName":"Imageupload","definition":{"metadata":{"workflowEntityId":null,"processAdvisorMetadata":null,"flowclientsuspensionreason":"None","flowclientsuspensiontime":null,"creator":{"id":"0fc0405c-eaf8-4f25-8b08-524ca6477011","type":"User","tenantId":"e82b3bd8-f164-4245-a0f1-0088e583edd2"},"provisioningMethod":"FromDefinition","failureAlertSubscription":true,"clientLastModifiedTime":"2021-09-23T23:03:26.9603114Z"},"$schema":"https://schema.management.azure.com/providers/Microsoft.Logic/schemas/2016-06-01/workflowdefinition.json#","contentVersion":"1.0.0.0","parameters":{"$connections":{"defaultValue":{},"type":"Object"},"$authentication":{"defaultValue":{},"type":"SecureObject"}},"triggers":{"manual":{"type":"Request","kind":"PowerApp","inputs":{"schema":{"type":"object","properties":{"Createrecord_VehicleID":{"type":"string","description":"The ASPVehicleNumber attribute.","x-ms-powerflows-param-ispartial":false},"Createrecord_Description":{"type":"string","description":"The AttachmentDescription attribute.","x-ms-powerflows-param-ispartial":false},"Createrecord_Attachment":{"type":"string","format":"binary","description":"The Attachment attribute.","x-ms-powerflows-param-ispartial":false}},"required":["Createrecord_VehicleID","Createrecord_Description","Createrecord_Attachment"]}}}},"actions":{"Create_record":{"runAfter":{},"type":"OpenApiConnection","inputs":{"host":{"apiId":"/providers/Microsoft.PowerApps/apis/shared_dynamicsax","connectionName":"shared_dynamicsax","operationId":"PostItem"},"parameters":{"dataset":"aspndev4c66cb53d7aa3b83devaos.cloudax.dynamics.com","table":"JmgProcessInsDocumentAttachments","item/ASPVehicleNumber":"@triggerBody()['Createrecord_VehicleID']","item/DocumentAttachmentTypeCode":"Image","item/AttachmentDescription":"@triggerBody()['Createrecord_Description']","item/DocumentAttachmentTypeLegalEntityId":"USMF","item/AttachedDateTime":"@utcNow()","item/OriginalFileName":"@{utcNow()}.png","item/FileType":"png","item/ProductImageUsage":"Internal","item/IsDefaultProductImage":"Yes","item/IsProductImage":"Yes","item/Attachment":"@triggerBody()['Createrecord_Attachment']"},"authentication":{"value":"@json(decodeBase64(triggerOutputs().headers['X-MS-APIM-Tokens']))['$ConnectionKey']","type":"Raw"}}}}},"connectionReferences":{"shared_dynamicsax":{"connectionName":"3b470de56a7640199397cb8e44ed386c","source":"Invoker","id":"/providers/Microsoft.PowerApps/apis/shared_dynamicsax","tier":"NotSpecified"}},"flowFailureAlertSubscribed":false}}