{"name":"1b0d4dcf-007b-41cb-a6bf-5c469f0fe574","id":"/providers/Microsoft.Flow/flows/1b0d4dcf-007b-41cb-a6bf-5c469f0fe574","type":"Microsoft.Flow/flows","properties":{"apiId":"/providers/Microsoft.PowerApps/apis/shared_logicflows","displayName":"Incremental Vendor export ","definition":{"metadata":{"workflowEntityId":null,"processAdvisorMetadata":null,"flowclientsuspensionreason":"GoogleDlpViolation","flowclientsuspensiontime":"2022-03-04T23:47:25.5560164Z","creator":{"id":"0fc0405c-eaf8-4f25-8b08-524ca6477011","type":"User","tenantId":"e82b3bd8-f164-4245-a0f1-0088e583edd2"},"provisioningMethod":"FromDefinition","failureAlertSubscription":true,"clientLastModifiedTime":"2022-03-04T23:47:25.5560164Z"},"$schema":"https://schema.management.azure.com/providers/Microsoft.Logic/schemas/2016-06-01/workflowdefinition.json#","contentVersion":"1.0.0.0","parameters":{"$connections":{"defaultValue":{},"type":"Object"},"$authentication":{"defaultValue":{},"type":"SecureObject"}},"triggers":{"When_a_Data_job_execution_finishes_(Business_Event)":{"metadata":{"operationMetadataId":"b2df68a0-c38b-47d0-a840-55a9326c095e"},"type":"OpenApiConnectionWebhook","inputs":{"host":{"apiId":"/providers/Microsoft.PowerApps/apis/shared_dynamicsax","connectionName":"shared_dynamicsax","operationId":"SubscribeOnABusinessEvent"},"parameters":{"dataset":"asp-dev77319a976474ad61devaos.axcloud.dynamics.com","businesseventcategory":"Data import/export","businessevent":"Data management project execution Business Event"},"authentication":"@parameters('$authentication')"}}},"actions":{"Parse_JSON":{"runAfter":{},"metadata":{"operationMetadataId":"ec714954-7452-4496-9afa-a555faf85e80"},"type":"ParseJson","inputs":{"content":"@triggerOutputs()?['body']","schema":{"type":"object","properties":{"BusinessEventId":{"type":"string"},"ControlNumber":{"type":"integer"},"DMFDefinitionGroupName":{"type":"string"},"DMFExecutionId":{"type":"string"},"DMFExecutionSummaryStatus":{"type":"string"},"DMFPackageFilePath":{"type":"string"},"EndDateTime":{"type":"string"},"EventId":{"type":"string"},"EventTime":{"type":"string"},"MajorVersion":{"type":"integer"},"MinorVersion":{"type":"integer"}}}}},"Condition":{"actions":{"Download_file_from_FO_endpoint":{"runAfter":{},"metadata":{"operationMetadataId":"c96bb98b-8248-44f4-9e62-c2eef8163589"},"type":"Http","inputs":{"method":"GET","uri":"@body('Parse_JSON')?['DMFPackageFilePath']"}},"Create_blob_(V2)":{"runAfter":{"Download_file_from_FO_endpoint":["Succeeded"]},"metadata":{"operationMetadataId":"271a36e7-fc2c-47f9-b6e0-af806ad5e9f3"},"type":"OpenApiConnection","inputs":{"host":{"apiId":"/providers/Microsoft.PowerApps/apis/shared_azureblob","connectionName":"shared_azureblob_1","operationId":"CreateFile_V2"},"parameters":{"dataset":"AccountNameFromSettings","folderPath":"/d365fo","name":"@{utcNow()}_Vendor Export","body":"@body('Download_file_from_FO_endpoint')"},"authentication":"@parameters('$authentication')"},"runtimeConfiguration":{"contentTransfer":{"transferMode":"Chunked"}}}},"runAfter":{"Parse_JSON":["Succeeded"]},"else":{"actions":{"Send_an_email_notification_(V3)":{"runAfter":{},"metadata":{"operationMetadataId":"68d93ebb-d839-445c-8355-d14312ca2db3"},"type":"OpenApiConnection","inputs":{"host":{"apiId":"/providers/Microsoft.PowerApps/apis/shared_sendmail","connectionName":"shared_sendmail","operationId":"SendEmailV3"},"parameters":{"request/to":"asp@hotmail.com","request/subject":"Vendor export DMF Job with execution if @{body('Parse_JSON')?['DMFExecutionId']}failed ","request/text":"<p>Data management jon with exection ID @{body('Parse_JSON')?['DMFExecutionId']} has been failed. Please review logs to get more information</p>"},"authentication":"@parameters('$authentication')"}}}},"expression":{"equals":["@body('Parse_JSON')?['DMFExecutionSummaryStatus']","Succeeded"]},"metadata":{"operationMetadataId":"67320719-1084-41f0-8c16-75760f9057f1"},"type":"If"}},"outputs":{}},"connectionReferences":{"shared_azureblob_1":{"connectionName":"shared-azureblob-ad4785fc-8f2c-4078-9a44-bf44aaa5bfac","source":"Embedded","id":"/providers/Microsoft.PowerApps/apis/shared_azureblob","tier":"NotSpecified"},"shared_dynamicsax":{"connectionName":"3b470de56a7640199397cb8e44ed386c","source":"Embedded","id":"/providers/Microsoft.PowerApps/apis/shared_dynamicsax","tier":"NotSpecified"},"shared_sendmail":{"connectionName":"shared-sendmail-070c6342-4497-4b1f-b242-0824-c6d94cd8","source":"Embedded","id":"/providers/Microsoft.PowerApps/apis/shared_sendmail","tier":"NotSpecified"}},"flowFailureAlertSubscribed":false}}