{"schemaVersion":"1.0","appDefinitionTemplate":{"id":"/providers/Microsoft.PowerApps/apps/","type":"Microsoft.PowerApps/apps","tags":{"primaryDeviceWidth":"1366","primaryDeviceHeight":"768","sienaVersion":"20210930T001505Z-3.21091.38.0","deviceCapabilities":"","supportsPortrait":"true","supportsLandscape":"true","primaryFormFactor":"Tablet","publisherVersion":"3.21091.38","minimumRequiredApiVersion":"2.2.0","hasComponent":"false","hasUnlockedComponent":"false","isUnifiedRootApp":"false"},"properties":{"appVersion":"2021-09-30T00:15:05Z","lifeCycleId":"Published","createdByClientVersion":{"major":3,"minor":21091,"build":38,"revision":0,"majorRevision":0,"minorRevision":0},"minClientVersion":{"major":3,"minor":21091,"build":38,"revision":0,"majorRevision":0,"minorRevision":0},"backgroundColor":"rgba(0, 176, 240, 1)","backgroundImageUri":"/3208999497945698300/N1c336e92-3469-467c-82f2-4b3640191d0b-logoSmallFile","displayName":"CameraApp","description":"","commitMessage":"","appUris":{"documentUri":{"value":"/3208999497945698300/N270e2ffd-8677-4b8c-a22c-199c7ee19ec4-document.msapp"},"imageUris":[]},"createdTime":"0001-01-01T00:00:00Z","lastModifiedTime":"0001-01-01T00:00:00Z","sharedGroupsCount":0,"sharedUsersCount":0,"icons":{"smallIconUri":"/3208999497945698300/Nb408691c-747b-4aad-876e-d85e65e534fe-small.png","mediumIconUri":"/3208999497945698300/N5b3c111b-a420-4bf4-8e12-a6b85eaf374a-medium.png","largeIconUri":"/3208999497945698300/N3b5e4ac6-a39d-4c85-a577-96db432fe0df-large.png","wideIconUri":"/3208999497945698300/N920d2d70-5b07-44fa-b9c5-d48cefe27e04-wide.png"},"connectionReferences":{"d0c30892-96dc-4318-8e9d-13a86db65771":{"id":"31a3f919-b18b-470e-b974-621c5a013aff","displayName":"Logic flows","iconUri":"https://connectoricons-prod.azureedge.net/releases/v1.0.1438/1.0.1438.2324/logicflows/icon.png","dataSources":["Imageupload"],"dependencies":["7748685b-0359-4209-85ab-0e9e55aa202a"],"dependents":[],"parameterHints":{"workflowName":{"value":"b0f55b5e-f846-47e2-8846-413ddcdfd7ea"},"workflowEntityId":{},"7748685b-0359-4209-85ab-0e9e55aa202a":{"value":"shared_dynamicsax"}},"parameterHintsV2":{"workflowName":{"value":"b0f55b5e-f846-47e2-8846-413ddcdfd7ea"},"workflowEntityId":{},"shared_dynamicsax":{"value":"7748685b-0359-4209-85ab-0e9e55aa202a"}},"isOnPremiseConnection":false,"bypassConsent":false,"dataSets":{},"apiTier":"Standard","isCustomApiConnection":false,"actions":["Run"]},"7748685b-0359-4209-85ab-0e9e55aa202a":{"id":"24bc074c-16ca-4c9c-98b3-2f33b3b788fc","displayName":"Fin & Ops Apps (Dynamics 365)","iconUri":"https://connectoricons-prod.azureedge.net/releases/v1.0.1515/1.0.1515.2556/dynamicsax/icon.png","dataSources":[],"dependencies":[],"dependents":["d0c30892-96dc-4318-8e9d-13a86db65771"],"parameterHints":{},"parameterHintsV2":{},"isOnPremiseConnection":false,"bypassConsent":false,"dataSets":{},"apiTier":"Premium","isCustomApiConnection":false}},"databaseReferences":{},"almMode":"Environment","performanceOptimizationEnabled":true,"canConsumeAppPass":true,"executionRestrictions":{"isTeamsOnly":false,"dataLossPreventionEvaluationResult":{"status":"Compliant","lastEvaluationDate":"2021-09-09T17:03:11.8542974Z","violations":[],"violationsByPolicy":[],"violationErrorMessage":"The app uses the following connectors: shared_dynamicsax."}}},"appType":"ClassicCanvasApp","appComponents":[]}}